person;trip_number;trip_id;dep_time;trav_time;wait_time;traveled_distance;euclidean_distance;main_mode;longest_distance_mode;modes;start_activity_type;end_activity_type;start_facility_id;start_link;start_x;start_y;end_facility_id;end_link;end_x;end_y;first_pt_boarding_stop;last_pt_egress_stop
1;1;1_1;06:00:00;00:18:20;00:00:00;25000;35000;car;car;car;h;w;null;1;-25000.0;0.0;null;20;10000.0;0.0;;
1;2;1_2;06:28:20;00:00:00;00:00:00;0;0;car;car;car;w;w;null;20;10000.0;0.0;null;20;10000.0;0.0;;
1;3;1_3;09:58:20;00:39:00;00:00:00;65000;35000;car;car;car;w;h;null;20;10000.0;0.0;null;1;-25000.0;0.0;;
2;1;2_1;05:59:00;00:15:00;00:00:00;25000;35000;car;car;car;h;w;null;1;-25000.0;0.0;null;20;10000.0;0.0;;
2;2;2_2;08:44:00;00:39:00;00:00:00;65000;35000;car;car;car;w;h;null;20;10000.0;0.0;null;1;-25000.0;0.0;;
3;1;3_1;05:58:30;00:15:00;00:00:00;25000;35000;car;car;car;h;w;null;1;-25000.0;0.0;null;20;10000.0;0.0;;
3;2;3_2;07:43:30;00:39:00;00:00:00;65000;35000;car;car;car;w;h;null;20;10000.0;0.0;null;1;-25000.0;0.0;;
4;1;4_1;05:59:30;00:15:00;00:00:00;25000;35000;car;car;car;h;w;null;1;-25000.0;0.0;null;20;10000.0;0.0;;
4;2;4_2;08:44:30;00:39:00;00:00:00;65000;35000;car;car;car;w;h;null;20;10000.0;0.0;null;1;-25000.0;0.0;;
5;1;5_1;06:00:00;00:15:14;00:00:00;25000;35000;car;car;car;h;w;null;1;-25000.0;0.0;null;20;10000.0;0.0;;
5;2;5_2;12:45:14;00:39:00;00:00:00;65000;35000;car;car;car;w;h;null;20;10000.0;0.0;null;1;-25000.0;0.0;;
6;1;6_1;06:00:00;00:15:13;00:00:00;25000;35000;car;car;car;h;w;null;1;-25000.0;0.0;null;20;10000.0;0.0;;
6;2;6_2;06:45:13;00:39:00;00:00:00;65000;35000;car;car;car;w;h;null;20;10000.0;0.0;null;1;-25000.0;0.0;;
7;1;7_1;06:00:00;00:15:12;00:00:00;25000;35000;car;car;car;h;w;null;1;-25000.0;0.0;null;20;10000.0;0.0;;
7;2;7_2;06:45:12;00:39:00;00:00:00;65000;35000;car;car;car;w;h;null;20;10000.0;0.0;null;1;-25000.0;0.0;;
8;1;8_1;06:00:00;00:15:05;00:00:00;25000;35000;car;car;car;h;w;null;1;-25000.0;0.0;null;20;10000.0;0.0;;
8;2;8_2;06:45:05;00:39:00;00:00:00;65000;35000;car;car;car;w;h;null;20;10000.0;0.0;null;1;-25000.0;0.0;;
9;1;9_1;06:00:00;00:15:03;00:00:00;25000;35000;car;car;car;h;w;null;1;-25000.0;0.0;null;20;10000.0;0.0;;
9;2;9_2;06:45:03;00:39:00;00:00:00;65000;35000;car;car;car;w;h;null;20;10000.0;0.0;null;1;-25000.0;0.0;;
10;1;10_1;06:00:00;00:15:35;00:00:00;25000;35000;car;car;car;h;w;null;1;-25000.0;0.0;null;20;10000.0;0.0;;
10;2;10_2;06:45:35;00:39:00;00:00:00;65000;35000;car;car;car;w;h;null;20;10000.0;0.0;null;1;-25000.0;0.0;;
11;1;11_1;06:00:00;00:18:20;00:00:00;25000;35000;car;car;car;h;w;null;1;-25000.0;0.0;null;20;10000.0;0.0;;
11;2;11_2;06:48:20;00:43:24;00:00:00;65000;35000;car;car;car;w;h;null;20;10000.0;0.0;null;1;-25000.0;0.0;;
12;1;12_1;06:00:00;00:18:20;00:00:00;25000;35000;car;car;car;h;w;null;1;-25000.0;0.0;null;20;10000.0;0.0;;
12;2;12_2;06:48:20;00:43:24;00:00:00;65000;35000;car;car;car;w;h;null;20;10000.0;0.0;null;1;-25000.0;0.0;;
13;1;13_1;06:00:00;00:18:09;00:00:00;25000;35000;car;car;car;h;w;null;1;-25000.0;0.0;null;20;10000.0;0.0;;
13;2;13_2;06:48:09;00:43:24;00:00:00;65000;35000;car;car;car;w;h;null;20;10000.0;0.0;null;1;-25000.0;0.0;;
14;1;14_1;06:00:00;00:18:09;00:00:00;25000;35000;car;car;car;h;w;null;1;-25000.0;0.0;null;20;10000.0;0.0;;
14;2;14_2;06:48:09;00:43:24;00:00:00;65000;35000;car;car;car;w;h;null;20;10000.0;0.0;null;1;-25000.0;0.0;;
15;1;15_1;06:00:00;00:18:09;00:00:00;25000;35000;car;car;car;h;w;null;1;-25000.0;0.0;null;20;10000.0;0.0;;
15;2;15_2;06:48:09;00:43:24;00:00:00;65000;35000;car;car;car;w;h;null;20;10000.0;0.0;null;1;-25000.0;0.0;;
16;1;16_1;06:00:00;00:17:58;00:00:00;25000;35000;car;car;car;h;w;null;1;-25000.0;0.0;null;20;10000.0;0.0;;
16;2;16_2;06:47:58;00:43:24;00:00:00;65000;35000;car;car;car;w;h;null;20;10000.0;0.0;null;1;-25000.0;0.0;;
17;1;17_1;06:00:00;00:17:58;00:00:00;25000;35000;car;car;car;h;w;null;1;-25000.0;0.0;null;20;10000.0;0.0;;
17;2;17_2;06:47:58;00:43:24;00:00:00;65000;35000;car;car;car;w;h;null;20;10000.0;0.0;null;1;-25000.0;0.0;;
18;1;18_1;06:00:00;00:17:15;00:00:00;25000;35000;car;car;car;h;w;null;1;-25000.0;0.0;null;20;10000.0;0.0;;
18;2;18_2;06:47:15;00:43:24;00:00:00;65000;35000;car;car;car;w;h;null;20;10000.0;0.0;null;1;-25000.0;0.0;;
19;1;19_1;06:00:00;00:17:58;00:00:00;25000;35000;car;car;car;h;w;null;1;-25000.0;0.0;null;20;10000.0;0.0;;
19;2;19_2;06:47:58;00:43:24;00:00:00;65000;35000;car;car;car;w;h;null;20;10000.0;0.0;null;1;-25000.0;0.0;;
20;1;20_1;06:00:00;00:17:47;00:00:00;25000;35000;car;car;car;h;w;null;1;-25000.0;0.0;null;20;10000.0;0.0;;
20;2;20_2;06:47:47;00:43:24;00:00:00;65000;35000;car;car;car;w;h;null;20;10000.0;0.0;null;1;-25000.0;0.0;;
21;1;21_1;06:00:00;00:15:22;00:00:00;25000;35000;car;car;car;h;w;null;1;-25000.0;0.0;null;20;10000.0;0.0;;
21;2;21_2;06:45:22;00:39:00;00:00:00;65000;35000;car;car;car;w;h;null;20;10000.0;0.0;null;1;-25000.0;0.0;;
22;1;22_1;06:00:00;00:17:47;00:00:00;25000;35000;car;car;car;h;w;null;1;-25000.0;0.0;null;20;10000.0;0.0;;
22;2;22_2;06:47:47;00:43:24;00:00:00;65000;35000;car;car;car;w;h;null;20;10000.0;0.0;null;1;-25000.0;0.0;;
23;1;23_1;06:00:00;00:17:47;00:00:00;25000;35000;car;car;car;h;w;null;1;-25000.0;0.0;null;20;10000.0;0.0;;
23;2;23_2;06:47:47;00:43:24;00:00:00;65000;35000;car;car;car;w;h;null;20;10000.0;0.0;null;1;-25000.0;0.0;;
24;1;24_1;06:00:00;00:15:32;00:00:00;25000;35000;car;car;car;h;w;null;1;-25000.0;0.0;null;20;10000.0;0.0;;
24;2;24_2;06:45:32;00:39:00;00:00:00;65000;35000;car;car;car;w;h;null;20;10000.0;0.0;null;1;-25000.0;0.0;;
25;1;25_1;06:00:00;00:17:37;00:00:00;25000;35000;car;car;car;h;w;null;1;-25000.0;0.0;null;20;10000.0;0.0;;
25;2;25_2;06:47:37;00:43:24;00:00:00;65000;35000;car;car;car;w;h;null;20;10000.0;0.0;null;1;-25000.0;0.0;;
26;1;26_1;06:00:00;00:17:37;00:00:00;25000;35000;car;car;car;h;w;null;1;-25000.0;0.0;null;20;10000.0;0.0;;
26;2;26_2;06:47:37;00:43:24;00:00:00;65000;35000;car;car;car;w;h;null;20;10000.0;0.0;null;1;-25000.0;0.0;;
27;1;27_1;06:00:00;00:15:28;00:00:00;25000;35000;car;car;car;h;w;null;1;-25000.0;0.0;null;20;10000.0;0.0;;
27;2;27_2;06:45:28;00:39:00;00:00:00;65000;35000;car;car;car;w;h;null;20;10000.0;0.0;null;1;-25000.0;0.0;;
28;1;28_1;06:00:00;00:17:15;00:00:00;25000;35000;car;car;car;h;w;null;1;-25000.0;0.0;null;20;10000.0;0.0;;
28;2;28_2;06:47:15;00:43:24;00:00:00;65000;35000;car;car;car;w;h;null;20;10000.0;0.0;null;1;-25000.0;0.0;;
29;1;29_1;06:00:00;00:15:23;00:00:00;25000;35000;car;car;car;h;w;null;1;-25000.0;0.0;null;20;10000.0;0.0;;
29;2;29_2;06:45:23;00:39:00;00:00:00;65000;35000;car;car;car;w;h;null;20;10000.0;0.0;null;1;-25000.0;0.0;;
30;1;30_1;06:00:00;00:15:24;00:00:00;25000;35000;car;car;car;h;w;null;1;-25000.0;0.0;null;20;10000.0;0.0;;
30;2;30_2;06:45:24;00:39:00;00:00:00;65000;35000;car;car;car;w;h;null;20;10000.0;0.0;null;1;-25000.0;0.0;;
31;1;31_1;06:00:00;00:17:37;00:00:00;25000;35000;car;car;car;h;w;null;1;-25000.0;0.0;null;20;10000.0;0.0;;
31;2;31_2;06:47:37;00:43:24;00:00:00;65000;35000;car;car;car;w;h;null;20;10000.0;0.0;null;1;-25000.0;0.0;;
32;1;32_1;06:00:00;00:15:21;00:00:00;25000;35000;car;car;car;h;w;null;1;-25000.0;0.0;null;20;10000.0;0.0;;
32;2;32_2;06:45:21;00:39:00;00:00:00;65000;35000;car;car;car;w;h;null;20;10000.0;0.0;null;1;-25000.0;0.0;;
33;1;33_1;06:00:00;00:17:26;00:00:00;25000;35000;car;car;car;h;w;null;1;-25000.0;0.0;null;20;10000.0;0.0;;
33;2;33_2;06:47:26;00:43:24;00:00:00;65000;35000;car;car;car;w;h;null;20;10000.0;0.0;null;1;-25000.0;0.0;;
34;1;34_1;06:00:00;00:17:26;00:00:00;25000;35000;car;car;car;h;w;null;1;-25000.0;0.0;null;20;10000.0;0.0;;
34;2;34_2;06:47:26;00:43:24;00:00:00;65000;35000;car;car;car;w;h;null;20;10000.0;0.0;null;1;-25000.0;0.0;;
35;1;35_1;06:00:00;00:17:26;00:00:00;25000;35000;car;car;car;h;w;null;1;-25000.0;0.0;null;20;10000.0;0.0;;
35;2;35_2;06:47:26;00:43:24;00:00:00;65000;35000;car;car;car;w;h;null;20;10000.0;0.0;null;1;-25000.0;0.0;;
36;1;36_1;06:00:00;00:15:17;00:00:00;25000;35000;car;car;car;h;w;null;1;-25000.0;0.0;null;20;10000.0;0.0;;
36;2;36_2;06:45:17;00:39:00;00:00:00;65000;35000;car;car;car;w;h;null;20;10000.0;0.0;null;1;-25000.0;0.0;;
37;1;37_1;06:00:00;00:15:17;00:00:00;25000;35000;car;car;car;h;w;null;1;-25000.0;0.0;null;20;10000.0;0.0;;
37;2;37_2;06:45:17;00:39:00;00:00:00;65000;35000;car;car;car;w;h;null;20;10000.0;0.0;null;1;-25000.0;0.0;;
38;1;38_1;06:00:00;00:15:20;00:00:00;25000;35000;car;car;car;h;w;null;1;-25000.0;0.0;null;20;10000.0;0.0;;
38;2;38_2;06:45:20;00:39:00;00:00:00;65000;35000;car;car;car;w;h;null;20;10000.0;0.0;null;1;-25000.0;0.0;;
39;1;39_1;06:00:00;00:17:15;00:00:00;25000;35000;car;car;car;h;w;null;1;-25000.0;0.0;null;20;10000.0;0.0;;
39;2;39_2;06:47:15;00:43:24;00:00:00;65000;35000;car;car;car;w;h;null;20;10000.0;0.0;null;1;-25000.0;0.0;;
40;1;40_1;06:00:00;00:17:04;00:00:00;25000;35000;car;car;car;h;w;null;1;-25000.0;0.0;null;20;10000.0;0.0;;
40;2;40_2;06:47:04;00:43:24;00:00:00;65000;35000;car;car;car;w;h;null;20;10000.0;0.0;null;1;-25000.0;0.0;;
41;1;41_1;06:00:00;00:17:04;00:00:00;25000;35000;car;car;car;h;w;null;1;-25000.0;0.0;null;20;10000.0;0.0;;
41;2;41_2;06:47:04;00:43:24;00:00:00;65000;35000;car;car;car;w;h;null;20;10000.0;0.0;null;1;-25000.0;0.0;;
42;1;42_1;06:00:00;00:17:15;00:00:00;25000;35000;car;car;car;h;w;null;1;-25000.0;0.0;null;20;10000.0;0.0;;
42;2;42_2;06:47:15;00:43:24;00:00:00;65000;35000;car;car;car;w;h;null;20;10000.0;0.0;null;1;-25000.0;0.0;;
43;1;43_1;06:00:00;00:17:15;00:00:00;25000;35000;car;car;car;h;w;null;1;-25000.0;0.0;null;20;10000.0;0.0;;
43;2;43_2;06:47:15;00:43:24;00:00:00;65000;35000;car;car;car;w;h;null;20;10000.0;0.0;null;1;-25000.0;0.0;;
44;1;44_1;06:00:00;00:17:04;00:00:00;25000;35000;car;car;car;h;w;null;1;-25000.0;0.0;null;20;10000.0;0.0;;
44;2;44_2;06:47:04;00:43:24;00:00:00;65000;35000;car;car;car;w;h;null;20;10000.0;0.0;null;1;-25000.0;0.0;;
45;1;45_1;06:00:00;00:17:04;00:00:00;25000;35000;car;car;car;h;w;null;1;-25000.0;0.0;null;20;10000.0;0.0;;
45;2;45_2;06:47:04;00:43:24;00:00:00;65000;35000;car;car;car;w;h;null;20;10000.0;0.0;null;1;-25000.0;0.0;;
46;1;46_1;06:00:00;00:17:04;00:00:00;25000;35000;car;car;car;h;w;null;1;-25000.0;0.0;null;20;10000.0;0.0;;
46;2;46_2;06:47:04;00:43:24;00:00:00;65000;35000;car;car;car;w;h;null;20;10000.0;0.0;null;1;-25000.0;0.0;;
47;1;47_1;06:00:00;00:16:54;00:00:00;25000;35000;car;car;car;h;w;null;1;-25000.0;0.0;null;20;10000.0;0.0;;
47;2;47_2;06:46:54;00:43:24;00:00:00;65000;35000;car;car;car;w;h;null;20;10000.0;0.0;null;1;-25000.0;0.0;;
48;1;48_1;06:00:00;00:16:54;00:00:00;25000;35000;car;car;car;h;w;null;1;-25000.0;0.0;null;20;10000.0;0.0;;
48;2;48_2;06:46:54;00:43:24;00:00:00;65000;35000;car;car;car;w;h;null;20;10000.0;0.0;null;1;-25000.0;0.0;;
49;1;49_1;06:00:00;00:16:54;00:00:00;25000;35000;car;car;car;h;w;null;1;-25000.0;0.0;null;20;10000.0;0.0;;
49;2;49_2;06:46:54;00:43:24;00:00:00;65000;35000;car;car;car;w;h;null;20;10000.0;0.0;null;1;-25000.0;0.0;;
50;1;50_1;06:00:00;00:16:44;00:00:00;25000;35000;car;car;car;h;w;null;1;-25000.0;0.0;null;20;10000.0;0.0;;
50;2;50_2;06:46:44;00:43:24;00:00:00;65000;35000;car;car;car;w;h;null;20;10000.0;0.0;null;1;-25000.0;0.0;;
51;1;51_1;06:00:00;00:17:04;00:00:00;25000;35000;car;car;car;h;w;null;1;-25000.0;0.0;null;20;10000.0;0.0;;
51;2;51_2;06:47:04;00:43:24;00:00:00;65000;35000;car;car;car;w;h;null;20;10000.0;0.0;null;1;-25000.0;0.0;;
52;1;52_1;06:00:00;00:15:14;00:00:00;25000;35000;car;car;car;h;w;null;1;-25000.0;0.0;null;20;10000.0;0.0;;
52;2;52_2;06:45:14;00:39:00;00:00:00;65000;35000;car;car;car;w;h;null;20;10000.0;0.0;null;1;-25000.0;0.0;;
53;1;53_1;06:00:00;00:15:19;00:00:00;25000;35000;car;car;car;h;w;null;1;-25000.0;0.0;null;20;10000.0;0.0;;
53;2;53_2;06:45:19;00:39:00;00:00:00;65000;35000;car;car;car;w;h;null;20;10000.0;0.0;null;1;-25000.0;0.0;;
54;1;54_1;06:00:00;00:15:15;00:00:00;25000;35000;car;car;car;h;w;null;1;-25000.0;0.0;null;20;10000.0;0.0;;
54;2;54_2;06:45:15;00:39:00;00:00:00;65000;35000;car;car;car;w;h;null;20;10000.0;0.0;null;1;-25000.0;0.0;;
55;1;55_1;06:00:00;00:16:44;00:00:00;25000;35000;car;car;car;h;w;null;1;-25000.0;0.0;null;20;10000.0;0.0;;
55;2;55_2;06:46:44;00:43:24;00:00:00;65000;35000;car;car;car;w;h;null;20;10000.0;0.0;null;1;-25000.0;0.0;;
56;1;56_1;06:00:00;00:15:10;00:00:00;25000;35000;car;car;car;h;w;null;1;-25000.0;0.0;null;20;10000.0;0.0;;
56;2;56_2;06:45:10;00:39:00;00:00:00;65000;35000;car;car;car;w;h;null;20;10000.0;0.0;null;1;-25000.0;0.0;;
57;1;57_1;06:00:00;00:16:44;00:00:00;25000;35000;car;car;car;h;w;null;1;-25000.0;0.0;null;20;10000.0;0.0;;
57;2;57_2;06:46:44;00:43:24;00:00:00;65000;35000;car;car;car;w;h;null;20;10000.0;0.0;null;1;-25000.0;0.0;;
58;1;58_1;06:00:00;00:15:16;00:00:00;25000;35000;car;car;car;h;w;null;1;-25000.0;0.0;null;20;10000.0;0.0;;
58;2;58_2;06:45:16;00:39:00;00:00:00;65000;35000;car;car;car;w;h;null;20;10000.0;0.0;null;1;-25000.0;0.0;;
59;1;59_1;06:00:00;00:16:00;00:00:00;25000;35000;car;car;car;h;w;null;1;-25000.0;0.0;null;20;10000.0;0.0;;
59;2;59_2;06:46:00;00:39:00;00:00:00;65000;35000;car;car;car;w;h;null;20;10000.0;0.0;null;1;-25000.0;0.0;;
60;1;60_1;06:00:00;00:15:56;00:00:00;25000;35000;car;car;car;h;w;null;1;-25000.0;0.0;null;20;10000.0;0.0;;
60;2;60_2;06:45:56;00:39:00;00:00:00;65000;35000;car;car;car;w;h;null;20;10000.0;0.0;null;1;-25000.0;0.0;;
61;1;61_1;06:00:00;00:15:07;00:00:00;25000;35000;car;car;car;h;w;null;1;-25000.0;0.0;null;20;10000.0;0.0;;
61;2;61_2;06:45:07;00:39:00;00:00:00;65000;35000;car;car;car;w;h;null;20;10000.0;0.0;null;1;-25000.0;0.0;;
62;1;62_1;06:00:00;00:15:10;00:00:00;25000;35000;car;car;car;h;w;null;1;-25000.0;0.0;null;20;10000.0;0.0;;
62;2;62_2;06:45:10;00:39:00;00:00:00;65000;35000;car;car;car;w;h;null;20;10000.0;0.0;null;1;-25000.0;0.0;;
63;1;63_1;06:00:00;00:15:53;00:00:00;25000;35000;car;car;car;h;w;null;1;-25000.0;0.0;null;20;10000.0;0.0;;
63;2;63_2;06:45:53;00:39:00;00:00:00;65000;35000;car;car;car;w;h;null;20;10000.0;0.0;null;1;-25000.0;0.0;;
64;1;64_1;06:00:00;00:15:09;00:00:00;25000;35000;car;car;car;h;w;null;1;-25000.0;0.0;null;20;10000.0;0.0;;
64;2;64_2;06:45:09;00:39:00;00:00:00;65000;35000;car;car;car;w;h;null;20;10000.0;0.0;null;1;-25000.0;0.0;;
65;1;65_1;06:00:00;00:15:49;00:00:00;25000;35000;car;car;car;h;w;null;1;-25000.0;0.0;null;20;10000.0;0.0;;
65;2;65_2;06:45:49;00:39:00;00:00:00;65000;35000;car;car;car;w;h;null;20;10000.0;0.0;null;1;-25000.0;0.0;;
66;1;66_1;06:00:00;00:15:46;00:00:00;25000;35000;car;car;car;h;w;null;1;-25000.0;0.0;null;20;10000.0;0.0;;
66;2;66_2;06:45:46;00:39:00;00:00:00;65000;35000;car;car;car;w;h;null;20;10000.0;0.0;null;1;-25000.0;0.0;;
67;1;67_1;06:00:00;00:15:07;00:00:00;25000;35000;car;car;car;h;w;null;1;-25000.0;0.0;null;20;10000.0;0.0;;
67;2;67_2;06:45:07;00:39:00;00:00:00;65000;35000;car;car;car;w;h;null;20;10000.0;0.0;null;1;-25000.0;0.0;;
68;1;68_1;06:00:00;00:15:42;00:00:00;25000;35000;car;car;car;h;w;null;1;-25000.0;0.0;null;20;10000.0;0.0;;
68;2;68_2;06:45:42;00:39:00;00:00:00;65000;35000;car;car;car;w;h;null;20;10000.0;0.0;null;1;-25000.0;0.0;;
69;1;69_1;06:00:00;00:15:38;00:00:00;25000;35000;car;car;car;h;w;null;1;-25000.0;0.0;null;20;10000.0;0.0;;
69;2;69_2;06:45:38;00:39:00;00:00:00;65000;35000;car;car;car;w;h;null;20;10000.0;0.0;null;1;-25000.0;0.0;;
70;1;70_1;06:00:00;00:15:35;00:00:00;25000;35000;car;car;car;h;w;null;1;-25000.0;0.0;null;20;10000.0;0.0;;
70;2;70_2;06:45:35;00:39:00;00:00:00;65000;35000;car;car;car;w;h;null;20;10000.0;0.0;null;1;-25000.0;0.0;;
71;1;71_1;06:00:00;00:15:31;00:00:00;25000;35000;car;car;car;h;w;null;1;-25000.0;0.0;null;20;10000.0;0.0;;
71;2;71_2;06:45:31;00:39:00;00:00:00;65000;35000;car;car;car;w;h;null;20;10000.0;0.0;null;1;-25000.0;0.0;;
72;1;72_1;06:00:00;00:15:28;00:00:00;25000;35000;car;car;car;h;w;null;1;-25000.0;0.0;null;20;10000.0;0.0;;
72;2;72_2;06:45:28;00:39:00;00:00:00;65000;35000;car;car;car;w;h;null;20;10000.0;0.0;null;1;-25000.0;0.0;;
73;1;73_1;06:00:00;00:15:06;00:00:00;25000;35000;car;car;car;h;w;null;1;-25000.0;0.0;null;20;10000.0;0.0;;
73;2;73_2;06:45:06;00:39:00;00:00:00;65000;35000;car;car;car;w;h;null;20;10000.0;0.0;null;1;-25000.0;0.0;;
74;1;74_1;06:00:00;00:15:24;00:00:00;25000;35000;car;car;car;h;w;null;1;-25000.0;0.0;null;20;10000.0;0.0;;
74;2;74_2;06:45:24;00:39:00;00:00:00;65000;35000;car;car;car;w;h;null;20;10000.0;0.0;null;1;-25000.0;0.0;;
75;1;75_1;06:00:00;00:15:20;00:00:00;25000;35000;car;car;car;h;w;null;1;-25000.0;0.0;null;20;10000.0;0.0;;
75;2;75_2;06:45:20;00:39:00;00:00:00;65000;35000;car;car;car;w;h;null;20;10000.0;0.0;null;1;-25000.0;0.0;;
76;1;76_1;06:00:00;00:15:17;00:00:00;25000;35000;car;car;car;h;w;null;1;-25000.0;0.0;null;20;10000.0;0.0;;
76;2;76_2;06:45:17;00:39:00;00:00:00;65000;35000;car;car;car;w;h;null;20;10000.0;0.0;null;1;-25000.0;0.0;;
77;1;77_1;06:00:00;00:15:13;00:00:00;25000;35000;car;car;car;h;w;null;1;-25000.0;0.0;null;20;10000.0;0.0;;
77;2;77_2;06:45:13;00:39:00;00:00:00;65000;35000;car;car;car;w;h;null;20;10000.0;0.0;null;1;-25000.0;0.0;;
78;1;78_1;06:00:00;00:15:08;00:00:00;25000;35000;car;car;car;h;w;null;1;-25000.0;0.0;null;20;10000.0;0.0;;
78;2;78_2;06:45:08;00:39:00;00:00:00;65000;35000;car;car;car;w;h;null;20;10000.0;0.0;null;1;-25000.0;0.0;;
79;1;79_1;06:00:00;00:15:10;00:00:00;25000;35000;car;car;car;h;w;null;1;-25000.0;0.0;null;20;10000.0;0.0;;
79;2;79_2;06:45:10;00:39:00;00:00:00;65000;35000;car;car;car;w;h;null;20;10000.0;0.0;null;1;-25000.0;0.0;;
80;1;80_1;06:00:00;00:15:06;00:00:00;25000;35000;car;car;car;h;w;null;1;-25000.0;0.0;null;20;10000.0;0.0;;
80;2;80_2;06:45:06;00:39:00;00:00:00;65000;35000;car;car;car;w;h;null;20;10000.0;0.0;null;1;-25000.0;0.0;;
81;1;81_1;06:00:00;00:19:35;00:00:00;25000;35000;freight_i;freight_i;freight_i;f;d;null;1;-25000.0;0.0;null;20;10000.0;0.0;;
81;2;81_2;06:49:35;00:43:24;00:00:00;65000;35000;freight_i;freight_i;freight_i;d;f;null;20;10000.0;0.0;null;1;-25000.0;0.0;;
82;1;82_1;06:00:00;00:19:25;00:00:00;25000;35000;freight_i;freight_i;freight_i;f;d;null;1;-25000.0;0.0;null;20;10000.0;0.0;;
82;2;82_2;06:49:25;00:43:24;00:00:00;65000;35000;freight_i;freight_i;freight_i;d;f;null;20;10000.0;0.0;null;1;-25000.0;0.0;;
83;1;83_1;06:00:00;00:19:14;00:00:00;25000;35000;freight_i;freight_i;freight_i;f;d;null;1;-25000.0;0.0;null;20;10000.0;0.0;;
83;2;83_2;06:49:14;00:43:24;00:00:00;65000;35000;freight_i;freight_i;freight_i;d;f;null;20;10000.0;0.0;null;1;-25000.0;0.0;;
84;1;84_1;06:00:00;00:19:03;00:00:00;25000;35000;freight_i;freight_i;freight_i;f;d;null;1;-25000.0;0.0;null;20;10000.0;0.0;;
84;2;84_2;06:49:03;00:43:24;00:00:00;65000;35000;freight_i;freight_i;freight_i;d;f;null;20;10000.0;0.0;null;1;-25000.0;0.0;;
85;1;85_1;06:00:00;00:18:52;00:00:00;25000;35000;freight_i;freight_i;freight_i;f;d;null;1;-25000.0;0.0;null;20;10000.0;0.0;;
85;2;85_2;06:48:52;00:43:24;00:00:00;65000;35000;freight_i;freight_i;freight_i;d;f;null;20;10000.0;0.0;null;1;-25000.0;0.0;;
86;1;86_1;06:00:00;00:18:41;00:00:00;25000;35000;freight_i;freight_i;freight_i;f;d;null;1;-25000.0;0.0;null;20;10000.0;0.0;;
86;2;86_2;06:48:41;00:43:24;00:00:00;65000;35000;freight_i;freight_i;freight_i;d;f;null;20;10000.0;0.0;null;1;-25000.0;0.0;;
87;1;87_1;06:00:00;00:18:31;00:00:00;25000;35000;freight_i;freight_i;freight_i;f;d;null;1;-25000.0;0.0;null;20;10000.0;0.0;;
87;2;87_2;06:48:31;00:43:24;00:00:00;65000;35000;freight_i;freight_i;freight_i;d;f;null;20;10000.0;0.0;null;1;-25000.0;0.0;;
88;1;88_1;06:00:00;00:16:54;00:00:00;25000;35000;freight_i;freight_i;freight_i;f;d;null;1;-25000.0;0.0;null;20;10000.0;0.0;;
88;2;88_2;06:46:54;00:43:24;00:00:00;65000;35000;freight_i;freight_i;freight_i;d;f;null;20;10000.0;0.0;null;1;-25000.0;0.0;;
89;1;89_1;06:00:00;00:18:20;00:00:00;25000;35000;freight_i;freight_i;freight_i;f;d;null;1;-25000.0;0.0;null;20;10000.0;0.0;;
89;2;89_2;06:48:20;00:43:24;00:00:00;65000;35000;freight_i;freight_i;freight_i;d;f;null;20;10000.0;0.0;null;1;-25000.0;0.0;;
90;1;90_1;06:00:00;00:18:09;00:00:00;25000;35000;freight_i;freight_i;freight_i;f;d;null;1;-25000.0;0.0;null;20;10000.0;0.0;;
90;2;90_2;06:48:09;00:43:24;00:00:00;65000;35000;freight_i;freight_i;freight_i;d;f;null;20;10000.0;0.0;null;1;-25000.0;0.0;;
91;1;91_1;06:00:00;00:17:58;00:00:00;25000;35000;freight_n;freight_n;freight_n;f;d;null;1;-25000.0;0.0;null;20;10000.0;0.0;;
91;2;91_2;06:47:58;00:43:24;00:00:00;65000;35000;freight_n;freight_n;freight_n;d;f;null;20;10000.0;0.0;null;1;-25000.0;0.0;;
92;1;92_1;06:00:00;00:17:47;00:00:00;25000;35000;freight_i;freight_i;freight_i;f;d;null;1;-25000.0;0.0;null;20;10000.0;0.0;;
92;2;92_2;06:47:47;00:43:24;00:00:00;65000;35000;freight_i;freight_i;freight_i;d;f;null;20;10000.0;0.0;null;1;-25000.0;0.0;;
93;1;93_1;06:00:00;00:17:37;00:00:00;25000;35000;freight_i;freight_i;freight_i;f;d;null;1;-25000.0;0.0;null;20;10000.0;0.0;;
93;2;93_2;06:47:37;00:43:24;00:00:00;65000;35000;freight_i;freight_i;freight_i;d;f;null;20;10000.0;0.0;null;1;-25000.0;0.0;;
94;1;94_1;06:00:00;00:16:44;00:00:00;25000;35000;freight_i;freight_i;freight_i;f;d;null;1;-25000.0;0.0;null;20;10000.0;0.0;;
94;2;94_2;06:46:44;00:43:24;00:00:00;65000;35000;freight_i;freight_i;freight_i;d;f;null;20;10000.0;0.0;null;1;-25000.0;0.0;;
95;1;95_1;06:00:00;00:17:26;00:00:00;25000;35000;freight_i;freight_i;freight_i;f;d;null;1;-25000.0;0.0;null;20;10000.0;0.0;;
95;2;95_2;06:47:26;00:43:24;00:00:00;65000;35000;freight_i;freight_i;freight_i;d;f;null;20;10000.0;0.0;null;1;-25000.0;0.0;;
96;1;96_1;06:00:00;00:17:15;00:00:00;25000;35000;freight_i;freight_i;freight_i;f;d;null;1;-25000.0;0.0;null;20;10000.0;0.0;;
96;2;96_2;06:47:15;00:43:24;00:00:00;65000;35000;freight_i;freight_i;freight_i;d;f;null;20;10000.0;0.0;null;1;-25000.0;0.0;;
97;1;97_1;06:00:00;00:17:04;00:00:00;25000;35000;freight_i;freight_i;freight_i;f;d;null;1;-25000.0;0.0;null;20;10000.0;0.0;;
97;2;97_2;06:47:04;00:43:24;00:00:00;65000;35000;freight_i;freight_i;freight_i;d;f;null;20;10000.0;0.0;null;1;-25000.0;0.0;;
98;1;98_1;06:00:00;00:16:53;00:00:00;25000;35000;freight_i;freight_i;freight_i;f;d;null;1;-25000.0;0.0;null;20;10000.0;0.0;;
98;2;98_2;06:46:53;00:43:24;00:00:00;65000;35000;freight_i;freight_i;freight_i;d;f;null;20;10000.0;0.0;null;1;-25000.0;0.0;;
99;1;99_1;06:00:00;00:16:43;00:00:00;25000;35000;freight_i;freight_i;freight_i;f;d;null;1;-25000.0;0.0;null;20;10000.0;0.0;;
99;2;99_2;06:46:43;00:43:24;00:00:00;65000;35000;freight_i;freight_i;freight_i;d;f;null;20;10000.0;0.0;null;1;-25000.0;0.0;;
100;1;100_1;06:00:00;00:19:46;00:00:00;25000;35000;freight_n;freight_n;freight_n;f;d;null;1;-25000.0;0.0;null;20;10000.0;0.0;;
100;2;100_2;06:49:46;00:43:24;00:00:00;65000;35000;freight_n;freight_n;freight_n;d;f;null;20;10000.0;0.0;null;1;-25000.0;0.0;;
